Tiempo,Partida,Palabras a adivinar,Evento,Usuarie – Nick,Usuarie – Genero,Usuarie – Edad,Estado,Palabra,Nivel,
2021-06-10 00:47:11.418083,1,4,inicio de partida,valen,Masculino,18,,,1,
2021-06-10 00:47:13.397088,1,4,Intento,valen,Masculino,18,Ok,#,1,
2021-06-10 00:47:14.239490,1,4,Intento,valen,Masculino,18,Ok,#,1,
2021-06-10 00:47:14.239490,1,4,fin,valen,Masculino,18,Finalizada,#,1,
2021-06-10 00:47:17.716097,1,4,inicio de partida,valen,Masculino,18,,,1,
2021-06-10 00:47:18.837700,1,4,Intento,valen,Masculino,18,Ok,#,1,
2021-06-10 00:47:19.414901,1,4,Intento,valen,Masculino,18,Ok,#,1,
2021-06-10 00:47:19.414901,1,4,fin,valen,Masculino,18,Finalizada,#,1,
2021-06-10 00:47:29.741326,1,9,inicio de partida,valen,Masculino,18,,,2,
2021-06-10 00:47:31.923731,1,9,Intento,valen,Masculino,18,Ok,#,2,
2021-06-10 00:47:33.530534,1,9,Intento,valen,Masculino,18,Ok,#,2,
2021-06-10 00:47:34.874136,1,9,Intento,valen,Masculino,18,Ok,#,2,
2021-06-10 00:47:34.874136,1,9,fin,valen,Masculino,18,Finalizada,#,2,
2021-06-10 00:47:54.069175,1,6,inicio de partida,valen,Masculino,18,,,1,
2021-06-10 00:47:55.322979,1,6,Intento,valen,Masculino,18,Ok,#,1,
2021-06-10 00:47:56.102980,1,6,Intento,valen,Masculino,18,Ok,#,1,
2021-06-10 00:47:56.960982,1,6,Intento,valen,Masculino,18,Ok,#,1,
2021-06-10 00:47:56.960982,1,6,fin,valen,Masculino,18,Finalizada,#,1,
2021-06-09 17:36:16.071480,2,4,inicio de partida,Bautista,m,18,,,1,
2021-06-09 17:36:17.281206,2,4,Intento,Bautista,m,18,Ok,#,1,
2021-06-09 17:36:18.246252,2,4,Intento,Bautista,m,18,Ok,#,1,
2021-06-09 17:36:18.246656,2,4,fin,Bautista,m,18,Finalizada,#,1,
2021-06-13 15:22:37.247028,3,4,inicio de partida,Bautista,m,18,,,1,
2021-06-13 15:22:39.739573,3,4,Intento,Bautista,m,18,Ok,#,1,
2021-06-13 15:22:41.897813,3,4,Intento,Bautista,m,18,Ok,#,1,
2021-06-13 15:22:41.898241,3,4,fin,Bautista,m,18,Finalizada,#,1,
2021-06-13 15:38:05.697956,4,4,inicio de partida,Bautista,m,18,,,1,
2021-06-13 15:38:08.186287,4,4,Intento,Bautista,m,18,Ok,#,1,
2021-06-13 15:38:09.932847,4,4,Intento,Bautista,m,18,Ok,#,1,
2021-06-13 15:38:09.933371,4,4,fin,Bautista,m,18,Finalizada,#,1,
2021-06-13 15:40:17.666899,5,4,inicio de partida,Bautista,m,18,,,1,
2021-06-13 15:40:20.330340,5,4,Intento,Bautista,m,18,Ok,#,1,
2021-06-13 15:40:21.011830,5,4,Intento,Bautista,m,18,Ok,#,1,
2021-06-13 15:40:21.012253,5,4,fin,Bautista,m,18,Finalizada,#,1,
2021-06-13 15:45:01.706406,6,4,inicio de partida,Bautista,m,18,,,1,
2021-06-13 15:45:04.563814,6,4,Intento,Bautista,m,18,Ok,#,1,
2021-06-13 15:45:06.058752,6,4,Intento,Bautista,m,18,Ok,#,1,
2021-06-13 15:45:06.059244,6,4,fin,Bautista,m,18,Finalizada,#,1,
2021-06-13 16:02:44.992361,7,4,inicio de partida,Bautista,m,18,,,1,
2021-06-13 16:03:24.075017,8,4,inicio de partida,Bautista,m,18,,,1,
2021-06-13 16:04:03.303713,9,4,inicio de partida,Bautista,m,18,,,1,
2021-06-13 16:05:24.262985,10,4,inicio de partida,Bautista,m,18,,,1,
2021-06-13 16:05:33.135248,10,4,Intento,Bautista,m,18,Ok,#,1,
2021-06-13 16:05:36.313655,10,4,Intento,Bautista,m,18,Ok,#,1,
2021-06-13 16:05:36.314093,10,4,fin,Bautista,m,18,Finalizada,#,1,
2021-06-13 16:06:24.448217,11,4,inicio de partida,Bautista,m,18,,,1,
2021-06-13 16:09:26.745063,11,4,Intento,Bautista,m,18,Ok,#,1,
2021-06-13 16:09:27.252179,11,4,Intento,Bautista,m,18,Ok,#,1,
2021-06-13 16:09:27.252689,11,4,fin,Bautista,m,18,Finalizada,#,1,
2021-06-13 16:11:22.490909,12,4,inicio de partida,Bautista,m,18,,,1,
2021-06-13 16:12:13.654131,13,4,inicio de partida,Bautista,m,18,,,1,
2021-06-13 16:35:30.589327,14,4,inicio de partida,Bautista,m,18,,,1,
2021-06-13 16:35:35.492083,14,4,Intento,Bautista,m,18,Ok,#,1,
2021-06-13 16:35:36.072025,14,4,Intento,Bautista,m,18,Ok,#,1,
2021-06-13 16:35:36.072448,14,4,fin,Bautista,m,18,Finalizada,#,1,
2021-06-13 16:35:43.645236,15,36,inicio de partida,Bautista,m,18,,,3,
2021-06-13 16:36:46.798701,15,36,fin,Bautista,m,18,timeout,,3,
2021-06-13 16:38:01.285648,16,36,inicio de partida,Bautista,m,18,,,3,
2021-06-13 16:39:03.910556,16,36,fin,Bautista,m,18,timeout,,3,
2021-06-13 16:40:20.264307,17,36,inicio de partida,Bautista,m,18,,,3,
2021-06-13 16:41:23.156309,17,36,fin,Bautista,m,18,timeout,,3,
2021-06-13 16:41:52.734740,18,36,inicio de partida,Bautista,m,18,,,3,
2021-06-13 16:47:33.488856,18,36,fin,Bautista,m,18,timeout,,3,
2021-06-14 21:42:07.040804,19,6,inicio de partida,valen,Masculino,18,,,1,
2021-06-14 21:43:43.677006,20,6,inicio de partida,valen,Masculino,18,,,1,
2021-06-14 21:44:23.952062,21,6,inicio de partida,valen,Masculino,18,,,1,
2021-06-14 21:45:29.747157,22,6,inicio de partida,valen,Masculino,18,,,1,
2021-06-14 21:46:10.124718,23,6,inicio de partida,valen,Masculino,18,,,1,
2021-06-14 21:46:57.137285,24,4,inicio de partida,valen,Masculino,18,,,1,
2021-06-14 21:47:51.872363,25,4,inicio de partida,valen,Masculino,18,,,1,
2021-06-14 21:49:34.992508,26,4,inicio de partida,valen,Masculino,18,,,1,
2021-06-14 21:50:37.997597,27,4,inicio de partida,valen,Masculino,18,,,1,
2021-06-14 21:53:01.900319,28,4,inicio de partida,valen,Masculino,18,,,1,
2021-06-14 21:55:07.628017,29,4,inicio de partida,valen,Masculino,18,,,1,
2021-06-14 21:58:09.575776,30,4,inicio de partida,valen,Masculino,18,,,1,
2021-06-14 21:58:11.955779,30,4,Intento,valen,Masculino,18,error,Jetpack Joyride,1,
2021-06-14 21:58:14.040782,30,4,Intento,valen,Masculino,18,error,Jetpack Joyride,1,
2021-06-14 21:58:15.725784,30,4,Intento,valen,Masculino,18,Ok,Jetpack Joyride,1,
2021-06-14 21:58:16.650786,30,4,Intento,valen,Masculino,18,Ok,Ingress Prime,1,
2021-06-14 21:58:16.670786,30,4,fin,valen,Masculino,18,Finalizada,Ingress Prime,1,
2021-06-14 22:01:59.981100,31,4,inicio de partida,valen,Masculino,18,,,1,
2021-06-14 22:03:25.041219,32,4,inicio de partida,valen,Masculino,18,,,1,
2021-06-14 22:03:27.736223,32,4,Intento,valen,Masculino,18,Ok,"Give It Up! - Jump to the Beat, Follow the Music!",1
2021-06-14 22:03:30.121226,32,4,Intento,valen,Masculino,18,Ok,Central Hospital Stories,1,
2021-06-14 22:03:30.131226,32,4,fin,valen,Masculino,18,Finalizada,Central Hospital Stories,1,
2021-06-14 22:03:33.051231,33,4,inicio de partida,valen,Masculino,18,,,1,
2021-06-14 22:03:35.211234,33,4,Intento,valen,Masculino,18,error,Woodturning,1,
2021-06-14 22:03:37.306236,33,4,Intento,valen,Masculino,18,error,Woodturning,1,
2021-06-14 22:03:38.641238,33,4,Intento,valen,Masculino,18,Ok,Disney Frozen Free Fall - Play Frozen Puzzle Games,1,
2021-06-14 22:03:40.986242,33,4,Intento,valen,Masculino,18,Ok,Woodturning,1,
2021-06-14 22:03:41.001242,33,4,fin,valen,Masculino,18,Finalizada,Woodturning,1,
2021-06-14 22:03:42.666244,34,4,inicio de partida,valen,Masculino,18,,,1,
2021-06-14 22:03:44.816247,34,4,Intento,valen,Masculino,18,error,Angry Birds Evolution 2021,1,
2021-06-14 22:03:47.251250,34,4,Intento,valen,Masculino,18,error,Angry Birds Evolution 2021,1,
2021-06-14 22:03:49.256253,34,4,Intento,valen,Masculino,18,Ok,Angry Birds Evolution 2021,1,
2021-06-14 22:03:50.206255,34,4,Intento,valen,Masculino,18,Ok,Mini Football - Mobile Soccer,1,
2021-06-14 22:03:50.221255,34,4,fin,valen,Masculino,18,Finalizada,Mini Football - Mobile Soccer,1,
2021-06-14 22:04:00.711269,35,9,inicio de partida,valen,Masculino,18,,,2,
2021-06-14 22:04:09.981282,35,9,Intento,valen,Masculino,18,error,Trivia Crack 2,2,
2021-06-14 22:04:15.451290,35,9,Intento,valen,Masculino,18,error,Genshin Impact,2,
2021-06-14 22:04:18.691294,35,9,Intento,valen,Masculino,18,error,Trivia Crack 2,2,
2021-06-14 22:04:21.936299,35,9,Intento,valen,Masculino,18,error,Genshin Impact,2,
2021-06-14 22:04:23.806302,35,9,Intento,valen,Masculino,18,error,Trivia Crack 2,2,
2021-06-14 22:04:27.661307,35,9,Intento,valen,Masculino,18,error,Angry Birds Space,2,
2021-06-14 22:04:29.956310,35,9,Intento,valen,Masculino,18,error,Genshin Impact,2,
2021-06-14 22:04:33.216315,35,9,Intento,valen,Masculino,18,error,Trivia Crack 2,2,
2021-06-14 22:04:37.096320,35,9,Intento,valen,Masculino,18,error,Genshin Impact,2,
2021-06-14 22:04:38.866323,35,9,Intento,valen,Masculino,18,Ok,Angry Birds Space,2,
2021-06-14 22:04:42.291327,35,9,Intento,valen,Masculino,18,error,Genshin Impact,2,
2021-06-14 22:04:43.926330,35,9,Intento,valen,Masculino,18,error,Trivia Crack 2,2,
2021-06-14 22:04:46.056333,35,9,Intento,valen,Masculino,18,Ok,Trivia Crack 2,2,
2021-06-14 22:04:48.791337,35,9,Intento,valen,Masculino,18,Ok,Genshin Impact,2,
2021-06-14 22:04:48.806337,35,9,fin,valen,Masculino,18,Finalizada,Genshin Impact,2,
2021-06-14 22:08:50.471680,36,9,inicio de partida,valen,Masculino,18,,,2,
2021-06-14 22:08:57.066689,36,9,Intento,valen,Masculino,18,error,Escape Titanic,2,
2021-06-14 22:09:00.086693,36,9,Intento,valen,Masculino,18,error,Escape Titanic,2,
2021-06-14 22:09:04.241699,36,9,Intento,valen,Masculino,18,error,FINAL FANTASY BRAVE EXVIUS,2,
2021-06-14 22:09:07.241703,36,9,Intento,valen,Masculino,18,error,FINAL FANTASY BRAVE EXVIUS,2,
2021-06-14 22:09:10.536708,36,9,Intento,valen,Masculino,18,error,Snow Cone Maker - Frozen Foods,2,
2021-06-14 22:09:13.511712,36,9,Intento,valen,Masculino,18,error,FINAL FANTASY BRAVE EXVIUS,2,
2021-06-14 22:09:14.931714,36,9,Intento,valen,Masculino,18,Ok,FINAL FANTASY BRAVE EXVIUS,2,
2021-06-14 22:09:17.526718,36,9,Intento,valen,Masculino,18,error,Escape Titanic,2,
2021-06-14 22:09:20.301721,36,9,Intento,valen,Masculino,18,error,Snow Cone Maker - Frozen Foods,2,
2021-06-14 22:09:22.121724,36,9,Intento,valen,Masculino,18,Ok,Escape Titanic,2,
2021-06-14 22:09:23.791726,36,9,Intento,valen,Masculino,18,Ok,Snow Cone Maker - Frozen Foods,2,
2021-06-14 22:09:23.806726,36,9,fin,valen,Masculino,18,Finalizada,Snow Cone Maker - Frozen Foods,2,
2021-06-14 22:20:39.457673,37,9,inicio de partida,valen,Masculino,18,,,2,
2021-06-14 22:20:42.367677,37,9,Intento,valen,Masculino,18,error,Rally Racer Dirt,2,
2021-06-14 22:20:46.152682,37,9,Intento,valen,Masculino,18,error,Manor Matters,2,
2021-06-14 22:20:51.082689,37,9,Intento,valen,Masculino,18,error,Manor Matters,2,
2021-06-14 22:20:58.732699,37,9,Intento,valen,Masculino,18,Ok,Fishing Clash,2,
2021-06-14 22:21:05.867711,37,9,Intento,valen,Masculino,18,error,Manor Matters,2,
2021-06-14 22:21:12.157720,37,9,Intento,valen,Masculino,18,error,Manor Matters,2,
2021-06-14 22:21:15.147724,37,9,Intento,valen,Masculino,18,error,Rally Racer Dirt,2,
2021-06-14 22:21:17.117727,37,9,Intento,valen,Masculino,18,error,Rally Racer Dirt,2,
2021-06-14 22:21:20.902732,37,9,Intento,valen,Masculino,18,error,Manor Matters,2,
2021-06-14 22:21:22.687735,37,9,Intento,valen,Masculino,18,error,Rally Racer Dirt,2,
2021-06-14 22:21:29.327744,37,9,Intento,valen,Masculino,18,error,Manor Matters,2,
2021-06-14 22:21:31.872748,37,9,Intento,valen,Masculino,18,error,Rally Racer Dirt,2,
2021-06-14 22:21:32.912749,37,9,Intento,valen,Masculino,18,error,Manor Matters,2,
2021-06-14 22:21:41.877762,37,9,Intento,valen,Masculino,18,error,Manor Matters,2,
2021-06-14 22:21:43.577764,37,9,Intento,valen,Masculino,18,error,Rally Racer Dirt,2,
2021-06-14 22:21:49.972773,37,9,Intento,valen,Masculino,18,error,Rally Racer Dirt,2,
2021-06-14 22:21:52.567777,37,9,Intento,valen,Masculino,18,error,Rally Racer Dirt,2,
2021-06-14 22:21:58.257785,37,9,Intento,valen,Masculino,18,error,Rally Racer Dirt,2,
2021-06-14 22:22:00.632788,37,9,Intento,valen,Masculino,18,error,Manor Matters,2,
2021-06-14 22:22:02.357790,37,9,Intento,valen,Masculino,18,Ok,Manor Matters,2,
2021-06-14 22:22:03.897792,37,9,Intento,valen,Masculino,18,Ok,Rally Racer Dirt,2,
2021-06-14 22:22:03.907792,37,9,fin,valen,Masculino,18,Finalizada,Rally Racer Dirt,2,
2021-06-14 22:23:21.522901,38,9,inicio de partida,valen,Masculino,18,,,2,
2021-06-14 22:23:26.327908,38,9,Intento,valen,Masculino,18,error,Fruit Ninja�,2,
2021-06-14 22:23:28.687911,38,9,Intento,valen,Masculino,18,error,Super Bino Go - New Adventure Game,2,
2021-06-14 22:23:31.417915,38,9,Intento,valen,Masculino,18,Ok,Fruit Ninja�,2,
2021-06-14 22:23:33.652918,38,9,Intento,valen,Masculino,18,error,Super Bino Go - New Adventure Game,2,
2021-06-14 22:23:36.122922,38,9,Intento,valen,Masculino,18,error,Super Bino Go - New Adventure Game,2,
2021-06-14 22:23:40.542928,38,9,Intento,valen,Masculino,18,error,Stick Cricket Premier League,2,
2021-06-14 22:23:43.052931,38,9,Intento,valen,Masculino,18,error,Super Bino Go - New Adventure Game,2,
2021-06-14 22:23:45.172934,38,9,Intento,valen,Masculino,18,error,Stick Cricket Premier League,2,
2021-06-14 22:23:46.852937,38,9,Intento,valen,Masculino,18,Ok,Stick Cricket Premier League,2,
2021-06-14 22:23:52.212944,38,9,Intento,valen,Masculino,18,Ok,Super Bino Go - New Adventure Game,2,
2021-06-14 22:23:52.222944,38,9,fin,valen,Masculino,18,Finalizada,Super Bino Go - New Adventure Game,2,
2021-06-14 22:28:13.728311,39,4,inicio de partida,valen,Masculino,18,,,1,
2021-06-14 22:28:16.018314,39,4,Intento,valen,Masculino,18,Ok,Bubble Shooter,1,
2021-06-14 22:28:19.268319,39,4,Intento,valen,Masculino,18,Ok,Megapolis: city building simulator. Urban strategy,1,
2021-06-14 22:28:19.278319,39,4,fin,valen,Masculino,18,Finalizada,Megapolis: city building simulator. Urban strategy,1,
2021-06-14 22:28:21.068321,40,4,inicio de partida,valen,Masculino,18,,,1,
2021-06-14 22:28:23.203324,40,4,Intento,valen,Masculino,18,error,DomiNations,1,
2021-06-14 22:28:25.918328,40,4,Intento,valen,Masculino,18,error,DomiNations,1,
2021-06-14 22:28:27.873331,40,4,Intento,valen,Masculino,18,error,Eu Sei a M�sica,1,
2021-06-14 22:28:31.418336,40,4,Intento,valen,Masculino,18,error,Eu Sei a M�sica,1,
2021-06-14 22:28:33.838339,40,4,Intento,valen,Masculino,18,error,DomiNations,1,
2021-06-14 22:28:35.078341,40,4,Intento,valen,Masculino,18,Ok,Eu Sei a M�sica,1,
2021-06-14 22:28:35.798342,40,4,Intento,valen,Masculino,18,Ok,DomiNations,1,
2021-06-14 22:28:35.813342,40,4,fin,valen,Masculino,18,Finalizada,DomiNations,1,
2021-06-14 22:29:21.973406,41,4,inicio de partida,valen,Masculino,18,,,1,
2021-06-14 22:29:23.833409,41,4,Intento,valen,Masculino,18,Ok,'Smurfs'' Village',1,
2021-06-14 22:30:03.868465,42,4,inicio de partida,valen,Masculino,18,,,1,
2021-06-14 22:30:05.833468,42,4,Intento,valen,Masculino,18,error,Good Knight Story,1,
2021-06-14 22:30:07.368470,42,4,Intento,valen,Masculino,18,error,Good Knight Story,1,
2021-06-14 22:30:08.718472,42,4,Intento,valen,Masculino,18,error,Swamp Attack,1,
2021-06-14 22:30:10.588474,42,4,Intento,valen,Masculino,18,error,Good Knight Story,1,
2021-06-14 22:30:11.363475,42,4,Intento,valen,Masculino,18,error,Swamp Attack,1,
2021-06-14 22:30:12.113477,42,4,Intento,valen,Masculino,18,Ok,Good Knight Story,1,
2021-06-14 22:30:12.788477,42,4,Intento,valen,Masculino,18,Ok,Swamp Attack,1,
2021-06-14 22:30:12.793477,42,4,fin,valen,Masculino,18,Finalizada,Swamp Attack,1,
2021-06-14 22:30:54.688536,43,4,inicio de partida,valen,Masculino,18,,,1,
2021-06-14 22:32:42.276688,44,4,inicio de partida,valen,Masculino,18,,,1,
2021-06-14 22:33:04.446719,45,4,inicio de partida,valen,Masculino,18,,,1,
2021-06-14 22:33:34.456761,46,4,inicio de partida,valen,Masculino,18,,,1,
2021-06-14 22:33:36.491764,46,4,Intento,valen,Masculino,18,error,Mini World: Block Art,1,
2021-06-14 22:33:37.681766,46,4,Intento,valen,Masculino,18,error,Dubai Drift 2,1,
2021-06-14 22:33:38.936768,46,4,Intento,valen,Masculino,18,error,Dubai Drift 2,1,
2021-06-14 22:33:39.956769,46,4,Intento,valen,Masculino,18,error,Dubai Drift 2,1,
2021-06-14 22:33:40.921770,46,4,Intento,valen,Masculino,18,error,Mini World: Block Art,1,
2021-06-14 22:33:48.496781,46,4,Intento,valen,Masculino,18,error,Mini World: Block Art,1,
2021-06-14 22:33:50.211783,46,4,Intento,valen,Masculino,18,error,Dubai Drift 2,1,
2021-06-14 22:33:51.786786,46,4,Intento,valen,Masculino,18,error,Mini World: Block Art,1,
2021-06-14 22:33:52.646787,46,4,Intento,valen,Masculino,18,Ok,Mini World: Block Art,1,
2021-06-14 22:33:58.316795,46,4,fin,valen,Masculino,18,timeout,Dubai Drift 2,1,
2021-06-14 22:35:20.476910,47,4,inicio de partida,valen,Masculino,18,,,1,
2021-06-14 22:35:33.711928,47,4,Intento,valen,Masculino,18,Ok,SuperStar SMTOWN,1,
2021-06-14 22:35:47.066947,47,4,Intento,valen,Masculino,18,Ok,Gacha Studio (Anime Dress Up),1,
2021-06-14 22:35:47.076947,47,4,fin,valen,Masculino,18,Finalizada,Gacha Studio (Anime Dress Up),1,
2021-06-15 19:09:42.108413,48,4,inicio de partida,valen,Masculino,18,,,1,
2021-06-15 19:09:45.153417,48,4,Intento,valen,Masculino,18,error,Vancouver Island Wolf,1,
2021-06-15 19:09:46.978419,48,4,Intento,valen,Masculino,18,Ok,Vancouver Island Wolf,1,
2021-06-15 19:09:48.698422,48,4,Intento,valen,Masculino,18,Ok,Ethiopian Wolf,1,
2021-06-15 19:09:48.698422,48,4,fin,valen,Masculino,18,Finalizada,Ethiopian Wolf,1,
2021-06-15 19:20:05.104285,49,4,inicio de partida,valen,Masculino,18,,,1,
2021-06-15 19:20:07.224288,49,4,Intento,valen,Masculino,18,error,Mexican Gray Wolf,1,
2021-06-15 19:20:10.284292,49,4,Intento,valen,Masculino,18,Ok,Northwestern Wolf,1,
2021-06-15 19:20:12.019295,49,4,Intento,valen,Masculino,18,Ok,Mexican Gray Wolf,1,
2021-06-15 19:20:12.024295,49,4,fin,valen,Masculino,18,Finalizada,Mexican Gray Wolf,1,
2021-06-15 19:21:52.279435,50,4,inicio de partida,valen,Masculino,18,,,1,
2021-06-15 19:21:57.524442,50,4,Intento,valen,Masculino,18,error,Eastern Wolf,1,
2021-06-15 19:22:42.919506,51,4,inicio de partida,valen,Masculino,18,,,1,
2021-06-15 19:22:45.704510,51,4,Intento,valen,Masculino,18,error,Eastern Wolf,1,
2021-06-15 19:22:48.724514,51,4,Intento,valen,Masculino,18,error,Eastern Wolf,1,
2021-06-15 19:29:47.935290,52,4,inicio de partida,valen,Masculino,18,,,1,
2021-06-15 19:29:50.995294,52,4,Intento,valen,Masculino,18,error,Grey Wolf,1,
2021-06-15 19:33:21.941098,53,4,inicio de partida,valen,Masculino,18,,,1,
2021-06-15 19:35:26.976274,54,4,inicio de partida,valen,Masculino,18,,,1,
2021-06-15 19:35:29.466278,54,4,Intento,valen,Masculino,18,error,African Golden Wolf,1,
2021-06-15 19:35:35.161286,54,4,fin,valen,Masculino,18,finalizada,African Golden Wolf,1,
2021-06-15 19:35:36.246287,54,4,fin,valen,Masculino,18,finalizada,African Golden Wolf,1,
2021-06-15 19:35:36.851288,54,4,fin,valen,Masculino,18,finalizada,African Golden Wolf,1,
2021-06-15 19:36:54.211396,55,4,inicio de partida,valen,Masculino,18,,,1,
2021-06-15 19:36:56.746400,55,4,Intento,valen,Masculino,18,error,Vancouver Island Wolf,1,
2021-06-15 19:36:59.161403,55,4,fin,valen,Masculino,18,finalizada,Vancouver Island Wolf,1,
2021-06-15 19:36:59.901404,55,4,fin,valen,Masculino,18,finalizada,Vancouver Island Wolf,1,
2021-06-15 19:38:21.376518,56,4,inicio de partida,valen,Masculino,18,,,1,
2021-06-15 19:38:26.521525,56,4,Intento,valen,Masculino,18,error,Eastern Wolf,1,
2021-06-15 19:38:32.781534,56,4,Intento,valen,Masculino,18,error,Ethiopian Wolf,1,
2021-06-15 19:38:34.971537,56,4,fin,valen,Masculino,18,finalizada,Ethiopian Wolf,1,
2021-06-15 19:38:35.016537,56,4,fin,valen,Masculino,18,finalizada,Ethiopian Wolf,1,
2021-06-15 19:38:35.041537,56,4,fin,valen,Masculino,18,finalizada,Ethiopian Wolf,1,
2021-06-15 19:38:35.061537,56,4,fin,valen,Masculino,18,finalizada,Ethiopian Wolf,1,
2021-06-15 19:38:35.076537,56,4,fin,valen,Masculino,18,finalizada,Ethiopian Wolf,1,
2021-06-15 19:38:35.101537,56,4,fin,valen,Masculino,18,finalizada,Ethiopian Wolf,1,
2021-06-15 19:38:35.121537,56,4,fin,valen,Masculino,18,finalizada,Ethiopian Wolf,1,
2021-06-15 19:38:35.141537,56,4,fin,valen,Masculino,18,finalizada,Ethiopian Wolf,1,
2021-06-15 19:38:35.161538,56,4,fin,valen,Masculino,18,finalizada,Ethiopian Wolf,1,
2021-06-15 19:38:35.181538,56,4,fin,valen,Masculino,18,finalizada,Ethiopian Wolf,1,
2021-06-15 19:38:35.206538,56,4,fin,valen,Masculino,18,finalizada,Ethiopian Wolf,1,
2021-06-15 19:38:35.231538,56,4,fin,valen,Masculino,18,finalizada,Ethiopian Wolf,1,
2021-06-15 19:38:35.251538,56,4,fin,valen,Masculino,18,finalizada,Ethiopian Wolf,1,
2021-06-15 19:38:35.271538,56,4,fin,valen,Masculino,18,finalizada,Ethiopian Wolf,1,
2021-06-15 19:38:35.291538,56,4,fin,valen,Masculino,18,finalizada,Ethiopian Wolf,1,
2021-06-15 19:38:35.311538,56,4,fin,valen,Masculino,18,finalizada,Ethiopian Wolf,1,
2021-06-15 19:38:35.331538,56,4,fin,valen,Masculino,18,finalizada,Ethiopian Wolf,1,
2021-06-15 19:38:35.351538,56,4,fin,valen,Masculino,18,finalizada,Ethiopian Wolf,1,
2021-06-15 19:38:35.366538,56,4,fin,valen,Masculino,18,finalizada,Ethiopian Wolf,1,
2021-06-15 19:38:35.386538,56,4,fin,valen,Masculino,18,finalizada,Ethiopian Wolf,1,
2021-06-15 19:38:35.416538,56,4,fin,valen,Masculino,18,finalizada,Ethiopian Wolf,1,
2021-06-15 19:38:35.436538,56,4,fin,valen,Masculino,18,finalizada,Ethiopian Wolf,1,
2021-06-15 19:38:35.456538,56,4,fin,valen,Masculino,18,finalizada,Ethiopian Wolf,1,
2021-06-15 19:38:35.476538,56,4,fin,valen,Masculino,18,finalizada,Ethiopian Wolf,1,
2021-06-15 19:38:35.496538,56,4,fin,valen,Masculino,18,finalizada,Ethiopian Wolf,1,
2021-06-15 19:38:35.521538,56,4,fin,valen,Masculino,18,finalizada,Ethiopian Wolf,1,
2021-06-15 19:38:35.541538,56,4,fin,valen,Masculino,18,finalizada,Ethiopian Wolf,1,
2021-06-15 19:38:35.561538,56,4,fin,valen,Masculino,18,finalizada,Ethiopian Wolf,1,
2021-06-15 19:38:35.581538,56,4,fin,valen,Masculino,18,finalizada,Ethiopian Wolf,1,
2021-06-15 19:38:35.601538,56,4,fin,valen,Masculino,18,finalizada,Ethiopian Wolf,1,
2021-06-15 19:38:35.621538,56,4,fin,valen,Masculino,18,finalizada,Ethiopian Wolf,1,
2021-06-15 19:38:35.641538,56,4,fin,valen,Masculino,18,finalizada,Ethiopian Wolf,1,
2021-06-15 19:38:35.661538,56,4,fin,valen,Masculino,18,finalizada,Ethiopian Wolf,1,
2021-06-15 19:38:35.681538,56,4,fin,valen,Masculino,18,finalizada,Ethiopian Wolf,1,
2021-06-15 19:38:35.701538,56,4,fin,valen,Masculino,18,finalizada,Ethiopian Wolf,1,
2021-06-15 19:38:35.721538,56,4,fin,valen,Masculino,18,finalizada,Ethiopian Wolf,1,
2021-06-15 19:38:35.746538,56,4,fin,valen,Masculino,18,finalizada,Ethiopian Wolf,1,
2021-06-15 19:38:35.771538,56,4,fin,valen,Masculino,18,finalizada,Ethiopian Wolf,1,
2021-06-15 19:38:35.801538,56,4,fin,valen,Masculino,18,finalizada,Ethiopian Wolf,1,
2021-06-15 19:38:35.826538,56,4,fin,valen,Masculino,18,finalizada,Ethiopian Wolf,1,
2021-06-15 19:38:35.846538,56,4,fin,valen,Masculino,18,finalizada,Ethiopian Wolf,1,
2021-06-15 19:38:35.866538,56,4,fin,valen,Masculino,18,finalizada,Ethiopian Wolf,1,
2021-06-15 19:38:35.886539,56,4,fin,valen,Masculino,18,finalizada,Ethiopian Wolf,1,
2021-06-15 19:38:35.906539,56,4,fin,valen,Masculino,18,finalizada,Ethiopian Wolf,1,
2021-06-15 19:38:35.926539,56,4,fin,valen,Masculino,18,finalizada,Ethiopian Wolf,1,
2021-06-15 19:38:35.946539,56,4,fin,valen,Masculino,18,finalizada,Ethiopian Wolf,1,
2021-06-15 19:38:35.961539,56,4,fin,valen,Masculino,18,finalizada,Ethiopian Wolf,1,
2021-06-15 19:38:35.981539,56,4,fin,valen,Masculino,18,finalizada,Ethiopian Wolf,1,
2021-06-15 19:38:36.001539,56,4,fin,valen,Masculino,18,finalizada,Ethiopian Wolf,1,
2021-06-15 19:38:36.016539,56,4,fin,valen,Masculino,18,finalizada,Ethiopian Wolf,1,
2021-06-15 19:38:36.036539,56,4,fin,valen,Masculino,18,finalizada,Ethiopian Wolf,1,
2021-06-15 19:38:36.056539,56,4,fin,valen,Masculino,18,finalizada,Ethiopian Wolf,1,
2021-06-15 19:38:36.076539,56,4,fin,valen,Masculino,18,finalizada,Ethiopian Wolf,1,
2021-06-15 19:38:36.096539,56,4,fin,valen,Masculino,18,finalizada,Ethiopian Wolf,1,
2021-06-15 19:38:36.126539,56,4,fin,valen,Masculino,18,finalizada,Ethiopian Wolf,1,
2021-06-15 19:38:36.151539,56,4,fin,valen,Masculino,18,finalizada,Ethiopian Wolf,1,
2021-06-15 19:38:36.171539,56,4,fin,valen,Masculino,18,finalizada,Ethiopian Wolf,1,
2021-06-15 19:38:36.201539,56,4,fin,valen,Masculino,18,finalizada,Ethiopian Wolf,1,
2021-06-15 19:38:36.221539,56,4,fin,valen,Masculino,18,finalizada,Ethiopian Wolf,1,
2021-06-15 19:38:36.246539,56,4,fin,valen,Masculino,18,finalizada,Ethiopian Wolf,1,
2021-06-15 19:38:36.261539,56,4,fin,valen,Masculino,18,finalizada,Ethiopian Wolf,1,
2021-06-15 19:38:36.291539,56,4,fin,valen,Masculino,18,finalizada,Ethiopian Wolf,1,
2021-06-15 19:38:36.306539,56,4,fin,valen,Masculino,18,finalizada,Ethiopian Wolf,1,
2021-06-15 19:38:36.326539,56,4,fin,valen,Masculino,18,finalizada,Ethiopian Wolf,1,
2021-06-15 19:38:36.346539,56,4,fin,valen,Masculino,18,finalizada,Ethiopian Wolf,1,
2021-06-15 19:38:36.366539,56,4,fin,valen,Masculino,18,finalizada,Ethiopian Wolf,1,
2021-06-15 19:38:36.391539,56,4,fin,valen,Masculino,18,finalizada,Ethiopian Wolf,1,
2021-06-15 19:38:36.421539,56,4,fin,valen,Masculino,18,finalizada,Ethiopian Wolf,1,
2021-06-15 19:38:36.441539,56,4,fin,valen,Masculino,18,finalizada,Ethiopian Wolf,1,
2021-06-15 19:38:36.466539,56,4,fin,valen,Masculino,18,finalizada,Ethiopian Wolf,1,
2021-06-15 19:38:36.486539,56,4,fin,valen,Masculino,18,finalizada,Ethiopian Wolf,1,
2021-06-15 19:38:36.506539,56,4,fin,valen,Masculino,18,finalizada,Ethiopian Wolf,1,
2021-06-15 19:38:36.531539,56,4,fin,valen,Masculino,18,finalizada,Ethiopian Wolf,1,
2021-06-15 19:38:36.551539,56,4,fin,valen,Masculino,18,finalizada,Ethiopian Wolf,1,
2021-06-15 19:38:36.571539,56,4,fin,valen,Masculino,18,finalizada,Ethiopian Wolf,1,
2021-06-15 19:38:36.591540,56,4,fin,valen,Masculino,18,finalizada,Ethiopian Wolf,1,
2021-06-15 19:38:36.611540,56,4,fin,valen,Masculino,18,finalizada,Ethiopian Wolf,1,
2021-06-15 19:38:36.631540,56,4,fin,valen,Masculino,18,finalizada,Ethiopian Wolf,1,
2021-06-15 19:38:36.651540,56,4,fin,valen,Masculino,18,finalizada,Ethiopian Wolf,1,
2021-06-15 19:38:36.671540,56,4,fin,valen,Masculino,18,finalizada,Ethiopian Wolf,1,
2021-06-15 19:38:36.691540,56,4,fin,valen,Masculino,18,finalizada,Ethiopian Wolf,1,
2021-06-15 19:38:36.711540,56,4,fin,valen,Masculino,18,finalizada,Ethiopian Wolf,1,
2021-06-15 19:38:36.726540,56,4,fin,valen,Masculino,18,finalizada,Ethiopian Wolf,1,
2021-06-15 19:38:36.746540,56,4,fin,valen,Masculino,18,finalizada,Ethiopian Wolf,1,
2021-06-15 19:38:36.761540,56,4,fin,valen,Masculino,18,finalizada,Ethiopian Wolf,1,
2021-06-15 19:38:36.781540,56,4,fin,valen,Masculino,18,finalizada,Ethiopian Wolf,1,
2021-06-15 19:38:36.801540,56,4,fin,valen,Masculino,18,finalizada,Ethiopian Wolf,1,
2021-06-15 19:38:36.816540,56,4,fin,valen,Masculino,18,finalizada,Ethiopian Wolf,1,
2021-06-15 19:38:36.836540,56,4,fin,valen,Masculino,18,finalizada,Ethiopian Wolf,1,
2021-06-15 19:38:36.866540,56,4,fin,valen,Masculino,18,finalizada,Ethiopian Wolf,1,
2021-06-15 19:38:36.891540,56,4,fin,valen,Masculino,18,finalizada,Ethiopian Wolf,1,
2021-06-15 19:38:36.916540,56,4,fin,valen,Masculino,18,finalizada,Ethiopian Wolf,1,
2021-06-15 19:38:36.936540,56,4,fin,valen,Masculino,18,finalizada,Ethiopian Wolf,1,
2021-06-15 19:38:36.951540,56,4,fin,valen,Masculino,18,finalizada,Ethiopian Wolf,1,
2021-06-15 19:38:36.971540,56,4,fin,valen,Masculino,18,finalizada,Ethiopian Wolf,1,
2021-06-15 19:38:36.991540,56,4,fin,valen,Masculino,18,finalizada,Ethiopian Wolf,1,
2021-06-15 19:38:37.011540,56,4,fin,valen,Masculino,18,finalizada,Ethiopian Wolf,1,
2021-06-15 19:38:37.031540,56,4,fin,valen,Masculino,18,finalizada,Ethiopian Wolf,1,
2021-06-15 19:38:37.051540,56,4,fin,valen,Masculino,18,finalizada,Ethiopian Wolf,1,
2021-06-15 19:38:37.071540,56,4,fin,valen,Masculino,18,finalizada,Ethiopian Wolf,1,
2021-06-15 19:38:37.101540,56,4,fin,valen,Masculino,18,finalizada,Ethiopian Wolf,1,
2021-06-15 19:38:38.926543,56,4,fin,valen,Masculino,18,finalizada,Ethiopian Wolf,1,
2021-06-15 19:40:11.646673,57,4,inicio de partida,valen,Masculino,18,,,1,
2021-06-15 19:40:19.191683,57,4,Intento,valen,Masculino,18,Ok,Vancouver Island Wolf,1,
2021-06-15 19:40:21.851687,57,4,Intento,valen,Masculino,18,Ok,Eastern Wolf,1,
2021-06-15 19:40:21.856687,57,4,fin,valen,Masculino,18,Finalizada,Eastern Wolf,1,
2021-06-15 19:40:24.586691,58,4,inicio de partida,valen,Masculino,18,,,1,
2021-06-15 19:40:26.866694,58,4,fin,valen,Masculino,18,finalizada,Vancouver Island Wolf,1,
2021-06-15 19:40:26.896694,58,4,fin,valen,Masculino,18,finalizada,Vancouver Island Wolf,1,
2021-06-15 19:40:26.921694,58,4,fin,valen,Masculino,18,finalizada,Vancouver Island Wolf,1,
2021-06-15 19:40:26.951694,58,4,fin,valen,Masculino,18,finalizada,Vancouver Island Wolf,1,
2021-06-15 19:40:26.971694,58,4,fin,valen,Masculino,18,finalizada,Vancouver Island Wolf,1,
2021-06-15 19:40:26.991694,58,4,fin,valen,Masculino,18,finalizada,Vancouver Island Wolf,1,
2021-06-15 19:40:27.011694,58,4,fin,valen,Masculino,18,finalizada,Vancouver Island Wolf,1,
2021-06-15 19:40:27.036694,58,4,fin,valen,Masculino,18,finalizada,Vancouver Island Wolf,1,
2021-06-15 19:40:27.061694,58,4,fin,valen,Masculino,18,finalizada,Vancouver Island Wolf,1,
2021-06-15 19:40:27.091694,58,4,fin,valen,Masculino,18,finalizada,Vancouver Island Wolf,1,
2021-06-15 19:40:27.111694,58,4,fin,valen,Masculino,18,finalizada,Vancouver Island Wolf,1,
2021-06-15 19:40:27.131694,58,4,fin,valen,Masculino,18,finalizada,Vancouver Island Wolf,1,
2021-06-15 19:40:27.156694,58,4,fin,valen,Masculino,18,finalizada,Vancouver Island Wolf,1,
2021-06-15 19:40:27.181694,58,4,fin,valen,Masculino,18,finalizada,Vancouver Island Wolf,1,
2021-06-15 19:40:27.201694,58,4,fin,valen,Masculino,18,finalizada,Vancouver Island Wolf,1,
2021-06-15 19:40:27.221694,58,4,fin,valen,Masculino,18,finalizada,Vancouver Island Wolf,1,
2021-06-15 19:40:27.241694,58,4,fin,valen,Masculino,18,finalizada,Vancouver Island Wolf,1,
2021-06-15 19:40:27.261694,58,4,fin,valen,Masculino,18,finalizada,Vancouver Island Wolf,1,
2021-06-15 19:40:27.276694,58,4,fin,valen,Masculino,18,finalizada,Vancouver Island Wolf,1,
2021-06-15 19:40:27.296695,58,4,fin,valen,Masculino,18,finalizada,Vancouver Island Wolf,1,
2021-06-15 19:40:27.316695,58,4,fin,valen,Masculino,18,finalizada,Vancouver Island Wolf,1,
2021-06-15 19:40:27.331695,58,4,fin,valen,Masculino,18,finalizada,Vancouver Island Wolf,1,
2021-06-15 19:40:27.351695,58,4,fin,valen,Masculino,18,finalizada,Vancouver Island Wolf,1,
2021-06-15 19:40:27.371695,58,4,fin,valen,Masculino,18,finalizada,Vancouver Island Wolf,1,
2021-06-15 19:40:27.386695,58,4,fin,valen,Masculino,18,finalizada,Vancouver Island Wolf,1,
2021-06-15 19:40:27.411695,58,4,fin,valen,Masculino,18,finalizada,Vancouver Island Wolf,1,
2021-06-15 19:40:27.426695,58,4,fin,valen,Masculino,18,finalizada,Vancouver Island Wolf,1,
2021-06-15 19:40:27.446695,58,4,fin,valen,Masculino,18,finalizada,Vancouver Island Wolf,1,
2021-06-15 19:40:27.466695,58,4,fin,valen,Masculino,18,finalizada,Vancouver Island Wolf,1,
2021-06-15 19:40:27.486695,58,4,fin,valen,Masculino,18,finalizada,Vancouver Island Wolf,1,
2021-06-15 19:40:27.516695,58,4,fin,valen,Masculino,18,finalizada,Vancouver Island Wolf,1,
2021-06-15 19:40:27.531695,58,4,fin,valen,Masculino,18,finalizada,Vancouver Island Wolf,1,
2021-06-15 19:40:27.551695,58,4,fin,valen,Masculino,18,finalizada,Vancouver Island Wolf,1,
2021-06-15 19:40:27.571695,58,4,fin,valen,Masculino,18,finalizada,Vancouver Island Wolf,1,
2021-06-15 19:40:27.591695,58,4,fin,valen,Masculino,18,finalizada,Vancouver Island Wolf,1,
2021-06-15 19:40:27.611695,58,4,fin,valen,Masculino,18,finalizada,Vancouver Island Wolf,1,
2021-06-15 19:40:27.631695,58,4,fin,valen,Masculino,18,finalizada,Vancouver Island Wolf,1,
2021-06-15 19:40:27.651695,58,4,fin,valen,Masculino,18,finalizada,Vancouver Island Wolf,1,
2021-06-15 19:40:27.671695,58,4,fin,valen,Masculino,18,finalizada,Vancouver Island Wolf,1,
2021-06-15 19:40:27.691695,58,4,fin,valen,Masculino,18,finalizada,Vancouver Island Wolf,1,
2021-06-15 19:40:27.711695,58,4,fin,valen,Masculino,18,finalizada,Vancouver Island Wolf,1,
2021-06-15 19:40:27.731695,58,4,fin,valen,Masculino,18,finalizada,Vancouver Island Wolf,1,
2021-06-15 19:40:27.751695,58,4,fin,valen,Masculino,18,finalizada,Vancouver Island Wolf,1,
2021-06-15 19:40:27.771695,58,4,fin,valen,Masculino,18,finalizada,Vancouver Island Wolf,1,
2021-06-15 19:40:27.796695,58,4,fin,valen,Masculino,18,finalizada,Vancouver Island Wolf,1,
2021-06-15 19:40:27.811695,58,4,fin,valen,Masculino,18,finalizada,Vancouver Island Wolf,1,
2021-06-15 19:40:27.831695,58,4,fin,valen,Masculino,18,finalizada,Vancouver Island Wolf,1,
2021-06-15 19:40:27.851695,58,4,fin,valen,Masculino,18,finalizada,Vancouver Island Wolf,1,
2021-06-15 19:40:27.871695,58,4,fin,valen,Masculino,18,finalizada,Vancouver Island Wolf,1,
2021-06-15 19:40:27.886695,58,4,fin,valen,Masculino,18,finalizada,Vancouver Island Wolf,1,
2021-06-15 19:40:27.906695,58,4,fin,valen,Masculino,18,finalizada,Vancouver Island Wolf,1,
2021-06-15 19:40:27.926695,58,4,fin,valen,Masculino,18,finalizada,Vancouver Island Wolf,1,
2021-06-15 19:40:27.941695,58,4,fin,valen,Masculino,18,finalizada,Vancouver Island Wolf,1,
2021-06-15 19:40:27.961695,58,4,fin,valen,Masculino,18,finalizada,Vancouver Island Wolf,1,
2021-06-15 19:40:27.981695,58,4,fin,valen,Masculino,18,finalizada,Vancouver Island Wolf,1,
2021-06-15 19:40:28.001695,58,4,fin,valen,Masculino,18,finalizada,Vancouver Island Wolf,1,
2021-06-15 19:40:28.021696,58,4,fin,valen,Masculino,18,finalizada,Vancouver Island Wolf,1,
2021-06-15 19:40:28.041696,58,4,fin,valen,Masculino,18,finalizada,Vancouver Island Wolf,1,
2021-06-15 19:40:28.061696,58,4,fin,valen,Masculino,18,finalizada,Vancouver Island Wolf,1,
2021-06-15 19:40:28.076696,58,4,fin,valen,Masculino,18,finalizada,Vancouver Island Wolf,1,
2021-06-15 19:40:28.101696,58,4,fin,valen,Masculino,18,finalizada,Vancouver Island Wolf,1,
2021-06-15 19:40:28.116696,58,4,fin,valen,Masculino,18,finalizada,Vancouver Island Wolf,1,
2021-06-15 19:40:28.141696,58,4,fin,valen,Masculino,18,finalizada,Vancouver Island Wolf,1,
2021-06-15 19:40:28.161696,58,4,fin,valen,Masculino,18,finalizada,Vancouver Island Wolf,1,
2021-06-15 19:40:28.181696,58,4,fin,valen,Masculino,18,finalizada,Vancouver Island Wolf,1,
2021-06-15 19:40:28.201696,58,4,fin,valen,Masculino,18,finalizada,Vancouver Island Wolf,1,
2021-06-15 19:40:28.221696,58,4,fin,valen,Masculino,18,finalizada,Vancouver Island Wolf,1,
2021-06-15 19:40:28.241696,58,4,fin,valen,Masculino,18,finalizada,Vancouver Island Wolf,1,
2021-06-15 19:40:28.261696,58,4,fin,valen,Masculino,18,finalizada,Vancouver Island Wolf,1,
2021-06-15 19:40:28.276696,58,4,fin,valen,Masculino,18,finalizada,Vancouver Island Wolf,1,
2021-06-15 19:40:28.296696,58,4,fin,valen,Masculino,18,finalizada,Vancouver Island Wolf,1,
2021-06-15 19:40:28.316696,58,4,fin,valen,Masculino,18,finalizada,Vancouver Island Wolf,1,
2021-06-15 19:40:28.331696,58,4,fin,valen,Masculino,18,finalizada,Vancouver Island Wolf,1,
2021-06-15 19:40:28.351696,58,4,fin,valen,Masculino,18,finalizada,Vancouver Island Wolf,1,
2021-06-15 19:40:28.366696,58,4,fin,valen,Masculino,18,finalizada,Vancouver Island Wolf,1,
2021-06-15 19:40:28.386696,58,4,fin,valen,Masculino,18,finalizada,Vancouver Island Wolf,1,
2021-06-15 19:40:28.406696,58,4,fin,valen,Masculino,18,finalizada,Vancouver Island Wolf,1,
2021-06-15 19:40:28.421696,58,4,fin,valen,Masculino,18,finalizada,Vancouver Island Wolf,1,
2021-06-15 19:40:28.441696,58,4,fin,valen,Masculino,18,finalizada,Vancouver Island Wolf,1,
2021-06-15 19:40:28.461696,58,4,fin,valen,Masculino,18,finalizada,Vancouver Island Wolf,1,
2021-06-15 19:40:28.476696,58,4,fin,valen,Masculino,18,finalizada,Vancouver Island Wolf,1,
2021-06-15 19:40:28.496696,58,4,fin,valen,Masculino,18,finalizada,Vancouver Island Wolf,1,
2021-06-15 19:40:28.516696,58,4,fin,valen,Masculino,18,finalizada,Vancouver Island Wolf,1,
2021-06-15 19:40:28.536696,58,4,fin,valen,Masculino,18,finalizada,Vancouver Island Wolf,1,
2021-06-15 19:40:28.556696,58,4,fin,valen,Masculino,18,finalizada,Vancouver Island Wolf,1,
2021-06-15 19:40:28.576696,58,4,fin,valen,Masculino,18,finalizada,Vancouver Island Wolf,1,
2021-06-15 19:40:28.596696,58,4,fin,valen,Masculino,18,finalizada,Vancouver Island Wolf,1,
2021-06-15 19:40:28.611696,58,4,fin,valen,Masculino,18,finalizada,Vancouver Island Wolf,1,
2021-06-15 19:40:28.631696,58,4,fin,valen,Masculino,18,finalizada,Vancouver Island Wolf,1,
2021-06-15 19:40:28.656696,58,4,fin,valen,Masculino,18,finalizada,Vancouver Island Wolf,1,
2021-06-15 19:40:28.671696,58,4,fin,valen,Masculino,18,finalizada,Vancouver Island Wolf,1,
2021-06-15 19:40:28.691696,58,4,fin,valen,Masculino,18,finalizada,Vancouver Island Wolf,1,
2021-06-15 19:40:28.711696,58,4,fin,valen,Masculino,18,finalizada,Vancouver Island Wolf,1,
2021-06-15 19:40:28.726697,58,4,fin,valen,Masculino,18,finalizada,Vancouver Island Wolf,1,
2021-06-15 19:40:28.746697,58,4,fin,valen,Masculino,18,finalizada,Vancouver Island Wolf,1,
2021-06-15 19:40:28.766697,58,4,fin,valen,Masculino,18,finalizada,Vancouver Island Wolf,1,
2021-06-15 19:40:28.781697,58,4,fin,valen,Masculino,18,finalizada,Vancouver Island Wolf,1,
2021-06-15 19:40:28.801697,58,4,fin,valen,Masculino,18,finalizada,Vancouver Island Wolf,1,
2021-06-15 19:40:28.821697,58,4,fin,valen,Masculino,18,finalizada,Vancouver Island Wolf,1,
2021-06-15 19:40:28.841697,58,4,fin,valen,Masculino,18,finalizada,Vancouver Island Wolf,1,
2021-06-15 19:40:28.856697,58,4,fin,valen,Masculino,18,finalizada,Vancouver Island Wolf,1,
2021-06-15 19:40:30.646699,58,4,fin,valen,Masculino,18,finalizada,Vancouver Island Wolf,1,
2021-06-15 19:47:06.427253,59,4,inicio de partida,valen,Masculino,18,,,1,
2021-06-15 19:47:09.337257,59,4,Intento,valen,Masculino,18,error,Eastern Wolf,1,
2021-06-15 19:47:22.202276,59,4,fin,valen,Masculino,18,finalizada,Eastern Wolf,1,
2021-06-15 19:47:25.352280,60,4,inicio de partida,valen,Masculino,18,,,1,
2021-06-15 19:47:27.272283,60,4,Intento,valen,Masculino,18,Ok,Vancouver Island Wolf,1,
2021-06-15 19:47:28.707285,60,4,Intento,valen,Masculino,18,Ok,Eastern Wolf,1,
2021-06-15 19:47:28.707285,60,4,fin,valen,Masculino,18,Finalizada,Eastern Wolf,1,
2021-06-15 19:47:30.767288,61,4,inicio de partida,valen,Masculino,18,,,1,
2021-06-15 19:47:35.127294,61,4,Intento,valen,Masculino,18,error,Ethiopian Wolf,1,
2021-06-15 19:47:38.167298,61,4,Intento,valen,Masculino,18,error,Vancouver Island Wolf,1,
2021-06-15 19:47:40.812302,61,4,Intento,valen,Masculino,18,error,Vancouver Island Wolf,1,
2021-06-15 19:47:42.557304,61,4,Intento,valen,Masculino,18,Ok,Ethiopian Wolf,1,
2021-06-15 19:47:56.807324,61,4,fin,valen,Masculino,18,timeout,Vancouver Island Wolf,1,
2021-06-15 19:48:52.192402,62,4,inicio de partida,valen,Masculino,18,,,1,
2021-06-15 19:48:53.557404,62,4,Intento,valen,Masculino,18,error,Maned Wolf,1,
2021-06-15 19:48:54.762405,62,4,Intento,valen,Masculino,18,Ok,Maned Wolf,1,
2021-06-15 19:49:14.237432,62,4,fin,valen,Masculino,18,timeout,Arctic Wolf,1,
2021-06-15 19:49:15.272434,63,4,inicio de partida,valen,Masculino,18,,,1,
2021-06-15 19:49:17.982438,63,4,Intento,valen,Masculino,18,error,Grey Wolf,1,
2021-06-15 19:49:19.302440,63,4,Intento,valen,Masculino,18,error,Grey Wolf,1,
2021-06-15 19:49:21.992443,63,4,Intento,valen,Masculino,18,Ok,Grey Wolf,1,
2021-06-15 19:49:23.392445,63,4,Intento,valen,Masculino,18,Ok,Indian Wolf,1,
2021-06-15 19:49:23.397445,63,4,fin,valen,Masculino,18,Finalizada,Indian Wolf,1,
2021-06-15 19:59:33.425572,64,4,inicio de partida,valen,Masculino,18,,,1,
2021-06-15 19:59:35.280575,64,4,Intento,valen,Masculino,18,error,Maned Wolf,1,
2021-06-15 19:59:38.670579,64,4,Intento,valen,Masculino,18,Ok,African Golden Wolf,1,
2021-06-15 19:59:41.370583,64,4,Intento,valen,Masculino,18,Ok,Maned Wolf,1,
2021-06-15 19:59:41.370583,64,4,fin,valen,Masculino,18,Finalizada,Maned Wolf,1,
2021-06-15 20:00:29.315650,65,4,inicio de partida,valen,Masculino,18,,,1,
2021-06-15 20:00:31.205653,65,4,fin,valen,Masculino,18,finalizada,,1,
2021-06-15 20:40:45.198146,66,4,inicio de partida,valen,Masculino,18,,,1,
2021-06-15 20:40:47.113148,66,4,Intento,valen,Masculino,18,error,Northwestern Wolf,1,
2021-06-15 20:40:50.598153,66,4,Intento,valen,Masculino,18,error,Northwestern Wolf,1,
2021-06-15 20:40:54.668159,66,4,Intento,valen,Masculino,18,error,Indian Wolf,1,
2021-06-15 20:40:57.953163,66,4,Intento,valen,Masculino,18,error,Northwestern Wolf,1,
2021-06-15 20:41:00.988168,66,4,Intento,valen,Masculino,18,error,Indian Wolf,1,
2021-06-15 20:41:03.208171,66,4,Intento,valen,Masculino,18,Ok,Northwestern Wolf,1,
2021-06-15 20:41:04.958173,66,4,Intento,valen,Masculino,18,Ok,Indian Wolf,1,
2021-06-15 20:41:04.958173,66,4,fin,valen,Masculino,18,Finalizada,Indian Wolf,1,
2021-06-15 20:43:39.078389,67,4,inicio de partida,valen,Masculino,18,,,1,
2021-06-15 20:43:40.688391,67,4,Intento,valen,Masculino,18,error,Eastern Wolf,1,
2021-06-15 20:43:42.943394,67,4,Intento,valen,Masculino,18,Ok,Eastern Wolf,1,
2021-06-15 20:43:45.183398,67,4,Intento,valen,Masculino,18,Ok,Grey Wolf,1,
2021-06-15 20:43:45.183398,67,4,fin,valen,Masculino,18,Finalizada,Grey Wolf,1,
2021-06-15 20:45:41.323560,68,4,inicio de partida,valen,Masculino,18,,,1,
2021-06-15 20:45:43.268563,68,4,Intento,valen,Masculino,18,error,Indian Wolf,1,
2021-06-15 20:45:48.093570,68,4,Intento,valen,Masculino,18,Ok,Indian Wolf,1,
2021-06-15 20:45:49.748572,68,4,Intento,valen,Masculino,18,Ok,Mexican Gray Wolf,1,
2021-06-15 20:45:49.753572,68,4,fin,valen,Masculino,18,Finalizada,Mexican Gray Wolf,1,
2021-06-15 20:46:40.198643,69,6,inicio de partida,valen,Masculino,18,,,1,
2021-06-15 20:46:44.208648,69,6,Intento,valen,Masculino,18,error,Vancouver Island Wolf,1,
2021-06-15 20:46:46.983652,69,6,Intento,valen,Masculino,18,Ok,African Golden Wolf,1,
2021-06-15 20:46:49.868656,69,6,Intento,valen,Masculino,18,Ok,Arctic Wolf,1,
2021-06-15 20:46:52.608660,69,6,Intento,valen,Masculino,18,Ok,Vancouver Island Wolf,1,
2021-06-15 20:46:52.613660,69,6,fin,valen,Masculino,18,Finalizada,Vancouver Island Wolf,1,
2021-06-15 20:46:54.308662,70,6,inicio de partida,valen,Masculino,18,,,1,
2021-06-15 20:46:55.583664,70,6,Intento,valen,Masculino,18,error,Eastern Wolf,1,
2021-06-15 20:46:56.803666,70,6,Intento,valen,Masculino,18,Ok,Ethiopian Wolf,1,
2021-06-15 20:47:00.113670,70,6,Intento,valen,Masculino,18,error,Mexican Gray Wolf,1,
2021-06-15 20:47:02.723674,70,6,Intento,valen,Masculino,18,error,Eastern Wolf,1,
2021-06-15 20:47:06.318679,70,6,Intento,valen,Masculino,18,error,Eastern Wolf,1,
2021-06-15 20:47:08.393682,70,6,Intento,valen,Masculino,18,error,Eastern Wolf,1,
2021-06-15 20:47:11.018686,70,6,Intento,valen,Masculino,18,error,Mexican Gray Wolf,1,
2021-06-15 20:47:13.478689,70,6,Intento,valen,Masculino,18,error,Mexican Gray Wolf,1,
2021-06-15 20:47:15.823692,70,6,fin,valen,Masculino,18,timeout,Eastern Wolf,1,
2021-06-15 20:47:17.393695,71,6,inicio de partida,valen,Masculino,18,,,1,
2021-06-15 20:47:18.843697,71,6,Intento,valen,Masculino,18,Ok,Indian Wolf,1,
2021-06-15 20:47:21.393700,71,6,Intento,valen,Masculino,18,error,Vancouver Island Wolf,1,
2021-06-15 20:47:23.358703,71,6,Intento,valen,Masculino,18,error,Ethiopian Wolf,1,
2021-06-15 20:47:27.918709,71,6,Intento,valen,Masculino,18,error,Ethiopian Wolf,1,
2021-06-15 20:47:29.823712,71,6,Intento,valen,Masculino,18,error,Vancouver Island Wolf,1,
2021-06-15 20:47:31.623715,71,6,Intento,valen,Masculino,18,error,Ethiopian Wolf,1,
2021-06-15 20:47:34.093718,71,6,Intento,valen,Masculino,18,error,Ethiopian Wolf,1,
2021-06-15 20:47:36.358721,71,6,Intento,valen,Masculino,18,error,Ethiopian Wolf,1,
2021-06-15 20:47:37.913723,71,6,Intento,valen,Masculino,18,Ok,Ethiopian Wolf,1,
2021-06-15 20:47:38.898725,71,6,fin,valen,Masculino,18,timeout,Ethiopian Wolf,1,
2021-06-15 20:50:15.832981,72,6,inicio de partida,valen,Masculino,18,,,1,
2021-06-15 20:50:17.424985,72,6,Intento,valen,Masculino,18,error,Northwestern Wolf,1,
2021-06-15 20:50:22.814992,72,6,Intento,valen,Masculino,18,error,Northwestern Wolf,1,
2021-06-15 20:50:25.939997,72,6,Intento,valen,Masculino,18,error,Ethiopian Wolf,1,
2021-06-15 20:50:29.975003,72,6,Intento,valen,Masculino,18,Ok,Arctic Wolf,1,
2021-06-15 20:50:31.720005,72,6,Intento,valen,Masculino,18,error,Northwestern Wolf,1,
2021-06-15 20:50:33.210007,72,6,Intento,valen,Masculino,18,error,Ethiopian Wolf,1,
2021-06-15 20:50:34.535009,72,6,Intento,valen,Masculino,18,error,Northwestern Wolf,1,
2021-06-15 20:50:36.660012,72,6,Intento,valen,Masculino,18,error,Ethiopian Wolf,1,
2021-06-15 20:50:37.540013,72,6,fin,valen,Masculino,18,timeout,Ethiopian Wolf,1,
2021-06-15 20:50:39.240015,73,6,inicio de partida,valen,Masculino,18,,,1,
2021-06-15 20:50:40.460017,73,6,Intento,valen,Masculino,18,error,Vancouver Island Wolf,1,
2021-06-15 20:50:41.320018,73,6,Intento,valen,Masculino,18,error,Vancouver Island Wolf,1,
2021-06-15 20:50:43.535021,73,6,Intento,valen,Masculino,18,error,Indian Wolf,1,
2021-06-15 20:50:44.805023,73,6,Intento,valen,Masculino,18,error,Vancouver Island Wolf,1,
2021-06-15 20:50:46.600026,73,6,Intento,valen,Masculino,18,error,Indian Wolf,1,
2021-06-15 20:50:48.120028,73,6,Intento,valen,Masculino,18,error,Vancouver Island Wolf,1,
2021-06-15 20:50:49.675030,73,6,Intento,valen,Masculino,18,error,Vancouver Island Wolf,1,
2021-06-15 20:50:51.815033,73,6,Intento,valen,Masculino,18,error,Indian Wolf,1,
2021-06-15 20:50:55.280038,73,6,Intento,valen,Masculino,18,error,Vancouver Island Wolf,1,
2021-06-15 20:50:56.955040,73,6,Intento,valen,Masculino,18,error,Indian Wolf,1,
2021-06-15 20:50:58.250042,73,6,Intento,valen,Masculino,18,error,Vancouver Island Wolf,1,
2021-06-15 20:51:01.260046,73,6,fin,valen,Masculino,18,timeout,Vancouver Island Wolf,1,
2021-06-15 20:53:15.070234,74,6,inicio de partida,valen,Masculino,18,,,1,
2021-06-15 20:53:20.100241,74,6,Intento,valen,Masculino,18,error,African Golden Wolf,1,
2021-06-15 20:53:28.425252,74,6,Intento,valen,Masculino,18,Ok,Arctic Wolf,1,
2021-06-15 20:53:31.785257,74,6,Intento,valen,Masculino,18,error,Northwestern Wolf,1,
2021-06-15 20:53:36.715264,74,6,fin,valen,Masculino,18,timeout,Northwestern Wolf,1,
2021-06-15 20:53:45.740277,75,6,inicio de partida,valen,Masculino,18,,,1,
2021-06-15 20:53:47.630279,75,6,Intento,valen,Masculino,18,Ok,Maned Wolf,1,
2021-06-15 20:53:49.560282,75,6,Intento,valen,Masculino,18,error,Indian Wolf,1,
2021-06-15 20:53:51.685285,75,6,Intento,valen,Masculino,18,error,Indian Wolf,1,
2021-06-15 20:53:55.135290,75,6,Intento,valen,Masculino,18,error,Indian Wolf,1,
2021-06-15 20:53:59.570296,75,6,Intento,valen,Masculino,18,error,Arctic Wolf,1,
2021-06-15 20:54:03.575302,75,6,fin,valen,Masculino,18,finalizada,Arctic Wolf,1,
2021-06-15 20:56:29.938008,76,6,inicio de partida,valen,Masculino,18,,,1,
2021-06-15 20:56:33.883013,76,6,Intento,valen,Masculino,18,error,Mexican Gray Wolf,1,
2021-06-15 20:56:38.403019,76,6,Intento,valen,Masculino,18,error,African Golden Wolf,1,
2021-06-15 20:56:40.743023,76,6,Intento,valen,Masculino,18,error,African Golden Wolf,1,
2021-06-15 20:56:42.868026,76,6,Intento,valen,Masculino,18,error,African Golden Wolf,1,
2021-06-15 20:56:45.293029,76,6,Intento,valen,Masculino,18,Ok,African Golden Wolf,1,
2021-06-15 20:56:47.318032,76,6,Intento,valen,Masculino,18,error,Ethiopian Wolf,1,
2021-06-15 20:56:49.863035,76,6,Intento,valen,Masculino,18,Ok,Mexican Gray Wolf,1,
2021-06-15 20:56:52.478039,76,6,fin,valen,Masculino,18,timeout,Mexican Gray Wolf,1,
2021-06-15 20:57:18.983076,77,4,inicio de partida,valen,Masculino,18,,,1,
2021-06-15 20:57:20.993079,77,4,Intento,valen,Masculino,18,error,Northwestern Wolf,1,
2021-06-15 20:57:24.233084,77,4,Intento,valen,Masculino,18,error,Northwestern Wolf,1,
2021-06-15 20:57:29.863091,77,4,Intento,valen,Masculino,18,Ok,Northwestern Wolf,1,
2021-06-15 20:57:32.028094,77,4,Intento,valen,Masculino,18,Ok,Vancouver Island Wolf,1,
2021-06-15 20:57:32.028094,77,4,fin,valen,Masculino,18,Finalizada,Vancouver Island Wolf,1,
2021-06-15 21:00:04.448308,78,4,inicio de partida,valen,Masculino,18,,,1,
2021-06-15 21:00:09.028314,78,4,Intento,valen,Masculino,18,error,Arctic Wolf,1,
2021-06-15 21:00:12.178319,78,4,Intento,valen,Masculino,18,error,Arctic Wolf,1,
2021-06-15 21:00:15.413323,78,4,Intento,valen,Masculino,18,error,Arctic Wolf,1,
2021-06-15 21:00:17.683326,78,4,Intento,valen,Masculino,18,error,Arctic Wolf,1,
2021-06-15 21:00:20.008330,78,4,Intento,valen,Masculino,18,Ok,Maned Wolf,1,
2021-06-15 21:00:25.003337,78,4,Intento,valen,Masculino,18,Ok,Arctic Wolf,1,
2021-06-15 21:00:25.008337,78,4,fin,valen,Masculino,18,Finalizada,Arctic Wolf,1,
2021-06-15 21:01:24.423420,79,4,inicio de partida,valen,Masculino,18,,,1,
2021-06-15 21:01:27.503424,79,4,Intento,valen,Masculino,18,error,Mexican Gray Wolf,1,
2021-06-15 21:01:40.588442,79,4,fin,valen,Masculino,18,finalizada,Mexican Gray Wolf,1,
2021-06-15 21:01:41.478444,80,4,inicio de partida,valen,Masculino,18,,,1,
2021-06-15 21:01:44.238448,80,4,Intento,valen,Masculino,18,Ok,Maned Wolf,1,
2021-06-15 21:01:53.793461,80,4,fin,valen,Masculino,18,finalizada,Maned Wolf,1,
2021-06-15 21:20:45.490046,81,4,inicio de partida,valen,Masculino,18,,,1,
2021-06-15 21:20:51.520054,81,4,Intento,valen,Masculino,18,error,African Golden Wolf,1,
2021-06-15 21:20:58.945065,81,4,fin,valen,Masculino,18,finalizada,African Golden Wolf,1,
2021-06-15 21:22:54.205226,82,4,inicio de partida,valen,Masculino,18,,,1,
2021-06-15 21:22:56.030228,82,4,Intento,valen,Masculino,18,error,Northwestern Wolf,1,
2021-06-15 21:23:00.540235,82,4,fin,valen,Masculino,18,finalizada,Northwestern Wolf,1,
